{"cameraMode":{"drawMode":0,"name":"Shaded","section":"Shading Mode"},"sceneLighting":true,"audioPlay":false,"sceneViewState":{"showFog":true,"showMaterialUpdate":false,"showSkybox":false,"showFlares":true,"showImageEffects":true,"showParticleSystems":true},"in2DMode":false,"pivot":{"x":0.5043892860412598,"y":4.104151725769043,"z":-25.79376220703125},"rotation":{"x":0.013774266466498375,"y":0.07074770331382752,"z":-0.0009666382684372366,"w":0.9974046349525452},"size":1.2621769905090333,"orthographic":false}