{"cameraMode":{"drawMode":0,"name":"Shaded","section":"Shading Mode"},"sceneLighting":true,"audioPlay":false,"sceneViewState":{"showFog":true,"showMaterialUpdate":false,"showSkybox":true,"showFlares":true,"showImageEffects":true,"showParticleSystems":true},"in2DMode":false,"pivot":{"x":10.952689170837403,"y":5.152645111083984,"z":6.9782867431640629},"rotation":{"x":0.05617614835500717,"y":-0.2932818531990051,"z":0.017286328598856927,"w":0.9542317986488342},"size":10.0,"orthographic":false}